id,rating,reviewable_type,entity_id,comment,manual_label
1,5,hotel,1,"Super ganda ng room! Clean bed, working AC, and ang bait ng staff. Will definitely book again next summer.",positive,
2,5,hotel,2,"The ocean view was breathtaking and spotless. Staff were super polite and always smiling.",positive,
3,4,hotel,3,"Spacious balcony with a perfect beachfront view. Water pressure can be low during peak hours though.",neutral,
4,5,hotel,4,"Breakfast buffet was fantastic, lobby spotless, and check-in took under five minutes.",positive,
5,3,hotel,5,"Nice pool area and friendly front desk, but the Wi-Fi in the secondary building was spotty.",neutral,
6,4,hotel,6,"Quiet AC, comfortable king bed, daily housekeeping was top notch.",positive,
7,5,hotel,7,"Amazing sunset views from the balcony, super worth it! The staff even surprised us on our anniversary.",positive,
8,2,hotel,8,"Room smelled a bit musty and the air conditioner was noisy. Location is great though.",negative,
9,5,room,1,"Very clean and cozy. Ang sarap ng breakfast at mabait ang lahat ng staff.",positive,
10,4,room,2,"Good value for money, great location near D'Mall. Bed was comfortable and room was quiet.",positive,
11,5,room,3,"Loved every minute. The infinity pool with direct beach access was the highlight of our stay.",positive,
12,3,room,4,"Decent stay overall. Some noise from the pool area at night, but the room itself was comfortable.",neutral,
13,4,room,5,"Friendly staff and fast check-in. Bathroom could use some renovation but everything was clean.",positive,
14,5,room,6,"Perfect for families! The kids loved the pool and the staff were so helpful with our requests.",positive,
15,2,room,7,"Expectation was high because of the photos, but the room was small and a bit dated.",negative,
16,5,room,8,"Spacious room, amazing sea view, sulit na sulit ang bayad namin.",positive,
17,4,room,9,"Great gym and very quiet at night. Wi-Fi was fast enough for remote work.",positive,
18,5,room,10,"The tour guide was punctual and gave clear instructions. Highly recommended for families!",positive,
19,4,room,11,"Beautiful island hopping tour, the lagoons were stunning. Boat waiting time was about 20 minutes.",positive,
20,5,room,12,"Best island tour ever! Super organized, maaasahan ang guide, and the snorkeling spots were amazing.",positive,
21,3,activity,2,"The tour itself was good but the pickup was delayed by 30 minutes. Communicate better please.",negative,
22,5,activity,3,"Ang galing ng guide namin! Very informative and patient with the kids. Five stars talaga.",positive,
23,4,activity,4,"Great value, well-planned itinerary. Bring sunscreen, sobrang init pero worth it.",positive,
24,2,activity,5,"Boat was crowded and the lunch was underwhelming. Scenery was the saving grace.",negative,
25,5,activity,6,"Seamless booking from start to finish. The package included everything we expected and more.",positive,
26,4,activity,7,"Great promo package! The hotel + tour combo saved us a lot. Just wish transfer was included.",positive,
27,5,activity,8,"Everything matched the description perfectly. Smooth transaction and responsive support.",positive,
28,3,activity,9,"The itinerary was good but one activity got cancelled due to weather without a same-day replacement.",negative,
29,5,activity,10,"Ang ganda ng package! Sulit, hassle-free, and the customer service was outstanding.",positive,
30,4,activity,11,"Solid package overall. Minor hiccup with the voucher redemption but support fixed it fast.",positive,
31,5,package,1,"Room was exactly like the photos, super clean, and the staff upgraded us for free!",positive,
32,4,package,2,"Comfortable stay, good breakfast, near the beach. Pool closes a bit early at 8 PM though.",positive,
33,5,package,3,"Mabait lahat ng staff, ang linis ng kwarto, at ang sarap ng food. 10/10!",positive,
34,3,hotel,1,"Average experience. The room was fine but the hallway smelled of cigarette smoke.",neutral,
35,5,hotel,2,"The most relaxing stay we've had. Quiet, clean, and the bed was heaven after a long island day.",positive,
36,4,hotel,3,"Nice modern room with a great view. Extra person fee was a bit steep though.",neutral,
37,5,hotel,4,"Beautiful resort, spotless facilities, and everyone was so accommodating. Would love to come back!",positive,
38,2,hotel,5,"Overpriced for the size of the room. The aircon was old and made noise the whole night.",negative,
39,4,hotel,6,"The diving experience was incredible! Equipment was well-maintained and the crew was professional.",positive,
40,5,hotel,7,"First time parasailing and the crew made me feel safe the whole time. Sobrang saya!",positive,
41,4,hotel,8,"Great kayak tour through the mangroves. Guide was knowledgeable about the local wildlife.",positive,
42,3,room,1,"Fun activity but the meeting point was hard to find. Suggest better signage.",neutral,
43,5,room,2,"ATV tour was a blast! The guides were friendly and the trail had amazing viewpoints.",positive,
44,4,room,3,"Sunset sailing was magical. Boat was clean and the crew served refreshments.",positive,
45,2,room,4,"Tour ran late and the guide seemed rushed. Not the experience we paid for.",negative,
46,5,room,5,"Hotel staff went above and beyond — they even prepared a birthday cake for my wife.",positive,
47,4,room,6,"Good location, clean room, decent breakfast. Slightly noisy during peak season.",neutral,
48,5,room,7,"Super linis, super ganda, super bait ng lahat. Perfect honeymoon stay!",positive,
49,3,room,8,"Room service took an hour to arrive, but the food was delicious when it came.",neutral,
50,5,room,9,"The package was seamless — booking, payment, and vouchers all worked perfectly.",positive,
51,4,room,10,"Great trip overall! Our only note is that the boat transfers could be more organized.",neutral,
52,5,room,11,"100% sulit! Everything was smooth and the activities were fun for the whole barkada.",positive,
53,4,room,12,"Good experience, responsive support on WhatsApp. The hotel choice included was excellent.",positive,
54,3,activity,2,"Average tour — nothing wrong but nothing extraordinary either. Decent value.",positive,
55,5,activity,3,"From booking to checkout, everything was perfect. Will recommend SunnyTrips to all my friends!",positive,
56,5,hotel,1,"Our stay at Henann Palm Beach Resort exceeded our expectations. From check-in to check-out, everything was seamless and well-organized. The staff were warm, professional, and always ready to assist with a smile... Highly recommended!",positive,
57,5,hotel,1,"It was very comfortable!! The staff were very kind, the breakfast buffet was delicious, the bath towels they lend are fluffy... The beach right in front is beautiful.",positive,
58,4,hotel,1,"I felt that the hotel was well-located by the sea and close to D Mall. The pool, which included a sky pool and a regular pool, and the quick access to the beach were great.",positive,
59,5,hotel,1,"We had a great experience at Boracay because of this hotel.",positive,
60,5,hotel,1,"Everything about our experience exceeded our expectations.",positive,
61,5,hotel,1,"Every member of the team was warm, welcoming, and attentive.",positive,
62,5,hotel,1,"We have never experienced such exceptional service before.",positive,
63,5,hotel,1,"The rooms were spotless, modern, and very comfortable.",positive,
64,5,hotel,1,"Great Breakfast. Great View. Sparkling clean. Located in Boracay Island tourist area.",positive,
65,5,hotel,1,"Exceptional Stay – Truly Worth Every Peso.",positive,
66,5,hotel,2,"The location was perfect and the staff were exceptionally helpful, making the stay very comfortable. Facilities were top-notch, including reliable Wi-Fi, hot water, and convenient transport options.",positive,
67,5,hotel,2,"The hotel is next to Robinson Mall. The hotel is very clean and the staff is kind. It operates a free shuttle bus, so it's convenient to go to Station 2.",positive,
68,5,hotel,2,"The place offers excellent value with prime location. Staff is attentive and accommodating. They have a pool and reliable wifi. They also have free shuttle.",positive,
69,5,hotel,2,"We're completely impressed with their professionalism and customer service. The hotel room was clean, nice and spacious. The staff were friendly and helpful.",positive,
70,5,hotel,2,"From the moment we arrived, the staff were amazing, accommodating, and very knowledgeable... Our room was clean, comfortable, and incredibly relaxing.",positive,
71,5,hotel,2,"The value for money is good, you get what you paid for. The cleanliness is superb, everything is neat and new.",positive,
72,5,hotel,2,"The staff were friendly, accommodating, and made us feel welcome throughout our visit. Great location, comfortable rooms, and excellent service.",positive,
73,4,hotel,2,"I highly recommend it and look forward to returning!",positive,
74,5,hotel,2,"May free shuttles and staffs are very nice and accomodating!",positive,
75,5,hotel,2,"We love that it is a decent hotel but very budget-friendly.",positive,
76,4,hotel,3,"Overall, we had a wonderful stay. The breakfast buffet was excellent.",positive,
77,5,hotel,3,"We've stayed at Ocean Club twice already. Never failed to delight us. Staff was always polite and friendly. We like the breakfast buffet.",positive,
78,5,hotel,3,"We had a great time. super enjoy kami lalo na mga kids 😍 the staffs are SUPERB!!!!",positive,
79,4,hotel,3,"Everything about this hotel was great.",positive,
80,5,hotel,3,"Thank you for your comfortable and luxurious hotel experience!",positive,
81,4,hotel,3,"It's amazing to enjoy all these amenities in just one hotel.",positive,
82,5,hotel,3,"They are so amenable to all our request and keep us safe.",positive,
83,4,hotel,3,"Loved the rooftop pool and the entertainment it provided.",positive,
84,4,hotel,3,"Exceptional location. 1002 White Beach Path, Station 3. Hygiene Plus.",positive,
85,4,hotel,3,"Great Breakfast and Airport transfer included. Perfect spot on the beach.",positive,
86,5,hotel,4,"Henann Garden Resort Boracay exceeded my expectations in every way and made my Boracay getaway truly unforgettable... The rooms are spacious, modern, and impeccably clean.",positive,
87,5,hotel,4,"Excellent ambience and very good service. Great place for a vacation. Very pleasant and helpful staffs.",positive,
88,5,hotel,4,"This property is excellent, courteous staff, amazing ambience... Perfect for family vacation in Boracay. D mall accessible easily from the property.",positive,
89,5,hotel,4,"Great experience overall right from the check in. The Henann Garden Resort staff was pleasant throughout. Good and quick service. The pool area was nice and clean.",positive,
90,4,hotel,4,"They made sure that your stay is comfortable and convenient.",positive,
91,5,hotel,4,"The room is clean and the environment is very comfortable.",positive,
92,5,hotel,4,"The place is great, the room is nice, clean and spacious.",positive,
93,5,hotel,4,"Friendly staff great location would definitely stay again",positive,
94,5,hotel,4,"We have been going to this hotel for the last six years.",neutral,
95,5,hotel,4,"Exceptional location. Station 2. Beach and free Wi-Fi.",positive,
96,5,hotel,5,"If you aren't too picky about your room and want to save money without sacrificing a decent place to stay, this hotel is perfect for you. It's located in Station 1, with very easy access to the beachfront.",positive,
97,5,hotel,5,"Excellent Excellent Excellent Excellent Excellent Excellent.",positive,
98,5,hotel,5,"I stayed at My Station in Station 1... nice budget-friendly choice with a prime location. The rooms are basic but cozy.",positive,
99,5,hotel,5,"We had a pleasant stay at this hotel. It was clean, convenient, and definitely budget-friendly. The best part is its location—just less than a minute's walk to the shore.",positive,
100,5,hotel,5,"value for money. really good location. stone throw away from the beach. very nice staff. my request was granted even in a short notice.",positive,
101,3,hotel,5,"Overall very good value because of excellent location, clean rooms with cable TV and good aircon, accomodating staff, and cheap price.",positive,
102,4,hotel,5,"It was clean, convenient, and definitely budget-friendly.",positive,
103,5,hotel,5,"Affordable, clean, close to the beach and nice staff!",positive,
104,5,hotel,5,"Great accommodation near the beach and activities",positive,
105,5,hotel,5,"The staff were incredibly friendly and attentive.",positive,
106,5,hotel,6,"Amazing atmosphere by the staff and people from around the world that You meet and in couple of hours have the best time of your life. It's very close to the beach.",positive,
107,5,hotel,6,"Amazing Staff!",positive,
108,5,hotel,6,"Great hostel experience, perfect for meeting people.",positive,
109,5,hotel,6,"Very clean rooms for a hostel. The vibe is unbeatable.",positive,
110,4,hotel,6,"Loved the pasta nights and the bar area. Very social.",positive,
111,5,hotel,6,"Staff is super friendly and helps with everything.",positive,
112,5,hotel,6,"Perfect location in Station 2, just a few minutes from the beach.",positive,
113,5,hotel,6,"Will definitely stay here again next time I'm in Boracay.",positive,
114,4,hotel,6,"Good value for money. Beds were comfortable.",positive,
115,5,hotel,6,"The best hostel on the island hands down.",positive,
116,5,hotel,7,"Very chill and relaxing vibe away from the busy parts of Boracay.",positive,
117,4,hotel,7,"Loved the pet-friendly environment. The dogs were adorable.",positive,
118,5,hotel,7,"Great breakfast included. The staff makes you feel at home.",positive,
119,4,hotel,7,"The location at Bulabog beach is perfect for kite surfing.",positive,
120,5,hotel,7,"Rooms are clean and uniquely designed. Very cozy.",positive,
121,4,hotel,7,"Quiet area but just a short walk to D'Mall. Perfect balance.",positive,
122,5,hotel,7,"Incredible value for the price. Highly recommended.",positive,
123,4,hotel,7,"Staff were incredibly accommodating with our requests.",positive,
124,5,hotel,7,"The courtyard is a great place to hang out and read a book.",positive,
125,5,hotel,7,"Amazing little oasis. Will definitely return.",positive,
126,5,hotel,8,"Great place to meet people. The bar downstairs is super fun.",positive,
127,5,hotel,8,"Beds are comfy and have privacy curtains which is a big plus.",positive,
128,4,hotel,8,"Food at the restaurant is actually really good. Love the falafel.",positive,
129,4,hotel,8,"Very clean bathrooms and the AC works perfectly.",positive,
130,5,hotel,8,"Staff organizes great events and boat parties.",positive,
131,5,hotel,8,"Location is great, easy walk to the beach and clubs.",positive,
132,4,hotel,8,"Can get a bit loud at night, but it's a party hostel so expected.",neutral,
133,5,hotel,8,"Best hostel vibe I've experienced in the Philippines.",positive,
134,4,hotel,8,"Stayed in a private room. It was basic but clean and comfortable.",positive,
135,5,hotel,8,"Amazing staff, very helpful with booking tours.",positive,
136,5,hotel,9,"Beautiful boutique hotel. The interiors are very Instagrammable.",positive,
137,5,hotel,9,"Breakfast buffet was excellent with lots of variety.",positive,
138,5,hotel,9,"Less than a minute walk to Station 1 beach. Perfect location.",positive,
139,4,hotel,9,"The rooftop pool and jacuzzi were a great place to watch the sunset.",positive,
140,5,hotel,9,"Rooms are very spacious and the bed was incredibly comfortable.",positive,
141,4,hotel,9,"Staff were very attentive and provided excellent service.",positive,
142,5,hotel,9,"Very clean and modern facilities. Everything worked well.",positive,
143,5,hotel,9,"Quiet and peaceful despite being so close to the beach.",positive,
144,4,hotel,9,"Welcome drinks and cold towels upon arrival were a nice touch.",positive,
145,5,hotel,9,"Great value for a luxury-feel stay in Station 1.",positive,
146,5,hotel,13,"The staff always greeted me with bright smiles and took care of every detail, which made me feel good throughout my stay.",positive,
147,5,hotel,13,"The meals also changed daily and were fresh, which was satisfying... a near-perfect experience in terms of nature.",positive,
148,5,hotel,13,"Can't say anything, it's super beautiful!!!!",positive,
149,5,hotel,13,"The tours are all-inclusive, allowing for various experiences without needing to carry a wallet.",positive,
150,5,hotel,13,"Surrounded by kind and cheerful staff, I was able to enjoy a paradise resort that felt like another world.",positive,
151,5,hotel,13,"Each time we snorkeled here, we were also able to see two turtles! The staff were all cheerful and kind.",positive,
152,5,hotel,13,"The price is high, but everything is beautiful and so kind; the food and facilities are top-notch.",positive,
153,5,hotel,13,"Every meal was the best... Every room was incredibly clean, the air was fresh, and it's a hotel I want to visit again.",positive,
154,5,hotel,13,"Among the hotels owned by El Nido Resorts, this one has a cove in front, making it easy to snorkel.",positive,
155,5,hotel,13,"The 6 AM Big Lagoon tour, which can only be done at Miniloc, was fantastic.",positive,
156,5,hotel,17,"And we were really happy with the surprises they gave us.",positive,
157,5,hotel,17,"The staff were very friendly, respectful and responsive.",positive,
158,5,hotel,17,"Villa has a private pool and next to the bar.",positive,
159,5,hotel,17,"First of all the staff and food here are exceptional!",positive,
160,5,hotel,17,"Every little detail was meticulously catered to us.",positive,
161,4,hotel,17,"Sparkling clean. Excellent room comfort & quality.",positive,
162,5,hotel,17,"Very quiet and relaxing. The sunset view is incredible.",positive,
163,5,hotel,17,"The resort features a total of 7 beautifully designed rooms... unique blend of contemporary elegance.",positive,
164,4,hotel,17,"Great breakfast included. The private beach access is a huge plus.",positive,
165,5,hotel,17,"Highly recommend the beachfront villa. Absolutely gorgeous.",positive,
166,5,hotel,12,"I remember Red and Nick! The dining was good! The pizza was especially delicious. The breakfast omelet was really tasty, and the kayaking was the best.",positive,
167,5,hotel,12,"Incredible staff, facilities, food. And service. Hotel offered excursions were top notch. Overall, expensive but wonderful.",positive,
168,5,hotel,12,"Ehat and amazing experience. The staff were so attentive and the resort was clean and had lots to see and do.",positive,
169,5,hotel,12,"Amazing stay at Cauayan, absolutely paradise. The beachfront villas are stunning, looking out onto the bay with private sunbeds.",positive,
170,5,hotel,12,"The island was beautiful. The staff were very nice and helpful. The massage at night was awesome!",positive,
171,5,hotel,12,"The resort has a beautiful location on the island . The villas are all beautiful not so big but but well furbished.",positive,
172,5,hotel,12,"At the snorkeling spot on the back side of the island, I had the experience of being surrounded by thousands of fish for the first time.",positive,
173,5,hotel,12,"The service was beyond excellent. Staff are so lovely and ensure you enjoy your stay stress-free.",positive,
174,5,hotel,12,"Clean room staff are friendly and accommodate. We always feel VIP treatment the place is really beautiful.",positive,
175,5,hotel,12,"If you're looking for an indulgent escape where every moment is elevated by world-class service... Cauayan Island Resort is where dreams meet reality.",positive,
176,4,hotel,15,"This was on top of the list of best stays/ experiences ever.",positive,
177,5,hotel,15,"Our room was clean, comfortable, and thoughtfully designed.",positive,
178,5,hotel,15,"Everyone went the extra mile to make our stay fantastic!",positive,
179,5,hotel,15,"The place is comfortable, safe, clean and peaceful.",positive,
180,5,hotel,15,"A big thank you to the staff for an unforgettable experience",positive,
181,4,hotel,15,"Sparkling clean. Free airport transfer. Great Breakfast.",positive,
182,5,hotel,15,"Just a short 10-minute drive from the airport, this charming hotel ensures your journey begins and ends with ease.",positive,
183,4,hotel,15,"Guest reviews describe Charlie's as a quiet and peaceful hotel.",positive,
184,5,hotel,15,"Pool area is beautiful and well-maintained. Food at the restaurant was also great.",positive,
185,5,hotel,15,"They offer a complimentary shuttle service which is very convenient.",positive,
186,5,hotel,18,"Truly excellent location, facilities and outstanding staff.",positive,
187,5,hotel,18,"Excellent resort with outstanding facilities and good staff",positive,
188,5,hotel,18,"Overall excellent and worth the money you pay for.",positive,
189,5,hotel,18,"The service from end to finish was almost perfect.",positive,
190,5,hotel,18,"Excellent place to stay for a relaxed, laid-back vacation.",positive,
191,5,hotel,18,"Our stay at Lihim Resort in El Nido was truly unforgettable. From the moment we arrived, we were welcomed with genuine warmth and exceptional hospitality.",positive,
192,5,hotel,18,"This was by far the best resort I have ever stayed at in my many years of travel. The villas are outstandingly beautiful.",positive,
193,5,hotel,18,"Excellent stay at Lihim near El Nido. We loved the location and ability to take boats to El Nido. The butler service was outstanding!",positive,
194,5,hotel,18,"A gorgeous hotel in the jungle! A wonderful beach, where they take you on a boat from the hotel!",positive,
195,5,hotel,18,"A peaceful and well-maintained resort, ideal for families. The resort is very clean and well cared for.",positive,
196,5,hotel,16,"The staff is incredible (reception as well as restaurant/ pool, etc area), without asking making an extra effort, we felt extremely welcomed. Place is amazing",positive,
197,5,hotel,16,"Beautiful boutique design, very unique for El Nido.",positive,
198,5,hotel,16,"The sunset views from the beach club area are unmatched.",positive,
199,4,hotel,16,"Food at the restaurant is a bit pricey but absolutely delicious.",positive,
200,5,hotel,16,"Rooms are designed beautifully, very clean and comfortable.",positive,
201,5,hotel,16,"Great location in Corong-Corong, away from the noise of the main town.",positive,
202,5,hotel,16,"Highly recommend staying here for a romantic getaway.",positive,
203,4,hotel,16,"Wi-Fi was a bit slow, but that is expected in El Nido. Everything else was perfect.",neutral,
204,5,hotel,16,"Staff went above and beyond to organize our tours and transport.",positive,
205,5,hotel,16,"The pool area is stunning. We spent most of our time there.",positive,
206,5,hotel,10,"A stunning location, very comfortable villa, super friendly and helpful staff and fantastic complimentary boat trips. Also great snorkelling in front of the",positive,
207,5,hotel,10,"The epitome of luxury in El Nido. Outstanding service from start to finish.",positive,
208,5,hotel,10,"Beachfront villas are worth every penny. Waking up to that view is surreal.",positive,
209,5,hotel,10,"Food was exceptional, with a lot of variety every day.",positive,
210,5,hotel,10,"The private sunset cruise they organized for us was the highlight of our trip.",positive,
211,5,hotel,10,"Impeccable attention to detail. The eco-friendly initiatives are also commendable.",positive,
212,5,hotel,10,"Snorkeling right off the beach is fantastic. We saw baby sharks and turtles.",positive,
213,5,hotel,10,"The canopy villas offer amazing views of the surrounding islands.",positive,
214,5,hotel,10,"Staff makes you feel like royalty. Very accommodating to dietary restrictions.",positive,
215,5,hotel,10,"Simply the best resort in Palawan. Unforgettable experience.",positive,
216,5,hotel,11,"Very close to the airport which is super convenient. The Lio estate area is beautiful and quiet.",positive,
217,4,hotel,11,"Massive pool and direct access to a very clean, pristine beach.",positive,
218,5,hotel,11,"Rooms are standard Seda quality - clean, modern, and very comfortable.",positive,
219,5,hotel,11,"Breakfast buffet has a huge selection. The pastries were delicious.",positive,
220,5,hotel,11,"Great for families, the kids loved the pool and the wide open spaces.",positive,
221,4,hotel,11,"They offer a free shuttle to El Nido town which is very helpful.",positive,
222,5,hotel,11,"Staff are very professional and courteous. Check-in was a breeze.",positive,
223,5,hotel,11,"The beach is well-maintained and never feels crowded.",positive,
224,4,hotel,11,"Beautiful property, great amenities. Perfect for a relaxing vacation.",positive,
225,5,hotel,11,"Eco-friendly property in a great location. Lots of restaurants nearby at the Lio shops.",positive,
226,5,hotel,14,"Spin Designer Hostel - El Nido in Palawan, Philippines has consistently received exceptional customer ratings, with an impressive overall score of 9.1.",positive,
227,5,hotel,14,"Best hostel I've ever stayed at. The design is so cool and modern.",positive,
228,5,hotel,14,"Free breakfast is actually really good. Pancakes and eggs!",positive,
229,5,hotel,14,"Great place to meet other travelers. The common areas are very inviting.",positive,
230,5,hotel,14,"Beds are very comfortable and have their own light and plug.",positive,
231,5,hotel,14,"Showers have hot water and strong pressure, which is rare in El Nido.",positive,
232,5,hotel,14,"Staff organize great events like BBQ nights and pub crawls.",positive,
233,5,hotel,14,"Location is great, just a short walk to the main beach and restaurants.",positive,
234,4,hotel,14,"Very clean for a hostel. They clean the bathrooms multiple times a day.",positive,
235,5,hotel,14,"Wi-Fi actually works well in the common areas. Highly recommend.",positive,
236,1,hotel,1,"Worst experience we ever had. Reception staff least friendly and rude. Lobby full like busy airport. Room lacks essentials - no drinking glasses, coffee or tea. Noise from outside karaoke and music. Dining crowded, servers slow. Would not recommend.",negative,
237,1,hotel,1,"Listed as 5 star but staff say only 3 star. Poor facilities, rooms falling apart, WiFi shocking and cuts out daily. Rooms not cleaned until 4pm. Food 1 star and cold. Paid double by booking in advance - total scam.",negative,
238,1,hotel,1,"Discriminatory against backpackers. Condescending looks from staff. Treated like a criminal. Worst customer service encounter. Avoid unless you want to be judged by luggage.",negative,
239,1,hotel,1,"Flights cancelled due to typhoon. Hotel refused refund. They’re crooks.",negative,
240,1,hotel,1,"Serious leadership, training and quality control issues. Dust under beds, no coffee replenishment, tough steak, tasteless seafood. Enforce rules rigidly but fail basic warmth.",negative,
241,3,hotel,1,"Great location, great rooms but needs more energy from the staff and bars. Some bartenders weren’t really friendly. Music too low.",neutral,
242,3,hotel,1,"Breakfast was ordinary. Location and staff excellent. Overall decent but not exceptional in all areas.",neutral,
243,3,hotel,1,"Room decent but mosquitoes present. Housekeeping timely. Value okay but not great for the price compared to nearby options.",neutral,
244,1,hotel,2,"Outdated hotel. Rooms outdated, toilets need refurbishment. Facilities neglected. Breakfast limited - bread, eggs, rice, no tea. Hygiene poor. Wouldn’t recommend unless improvements made.",negative,
245,1,hotel,2,"Absolute hell hole. Constant noise from traffic, music, AC, cockerels from 2:30am. Water dripping, flooded walkways, no reading lights, rooms lack privacy. Ambience like prison. Bad breakfast.",negative,
246,1,hotel,2,"Positioned as 4-star but feels 2-star. Pool less than 1m deep - impossible to swim. Far from beach (10 min walk uphill back). Worst breakfasts ever.",negative,
247,1,hotel,2,"Disappointing inefficient check-in process. Early arrival details put on hold then repeated at 3pm. Process no longer guest-friendly.",negative,
248,3,hotel,2,"Decent for the price but needs adjustments. AC not cold enough, airflow doesn’t reach bed. Breakfast limited. Location far from White Beach but shuttle available.",neutral,
249,1,hotel,3,"Never checked out early before until this place. Hassle from arrival. Hard to reach, tip for bags, room messy with sand, lukewarm water, only 2 bottles water. Poorly managed, unhygienic.",negative,
250,1,hotel,3,"Louder than a night club. Low quality all you can eat buffet. Clean rooms but too loud. Will never return.",negative,
251,3,hotel,3,"Great location on the beach but avoid the kitchen. Food offering some of the worst in a hotel of this standard. Breakfast limited, dishes cold. Staff great, location amazing.",neutral,
252,3,hotel,3,"Room ok, pool small and awkward. Breakfast not good. Overall experience not for family. More suited for solo. Access to beach best part. Not really 4 star.",neutral,
253,1,hotel,4,"By far the worst Henann resort. Staff untrained, inconsistent, favoritism. No elevators but assigned seniors/PWD to 3rd floor. WiFi terrible. Zero fairness in rules.",negative,
254,3,hotel,4,"Mixed experience. Facilities showing age, outdated. Bidet installed wrong side. Breakfast lackluster, missing bacon. Needs updates to match expectations.",neutral,
255,3,hotel,4,"Had to complain about ants every single day. Rooms dated. Photos make rooms look more luxurious than they are.",neutral,
256,1,hotel,4,"Bedsheet found with blood. No people to assist during night time.",negative,
257,1,hotel,9,"Room had musty smell, balcony unusable looking into alley with barking dogs. Property worn, rooftop bar decommissioned due to storm damage.",negative,
258,1,hotel,9,"Very dirty, stinks everywhere - lobby, elevator, bathrooms like sewer. Room feels dirty. Staff incompetent. Deck full of debris. Charged extra for person.",negative,
259,1,hotel,9,"Deceived by photos. Bathroom dirty with mold, slow drain flooding. No bathrobes/slippers as promised. Not 4-star. Worst so-called 4-star experience.",negative,
260,3,hotel,9,"Looks a bit abandoned. Animals on roof at night. Whirlpool private only for some floors. Breakfast poor. Pool unappealing. Spa not functioning. Curtains ripped.",neutral,
261,1,hotel,8,"No sense of security. No security personnel, anyone can enter. No CCTV. Lost item unresolved, staff lacked empathy and smirked. Pool tiles peeling.",negative,
262,1,hotel,8,"Photos better than reality. Unpleasant odor, leaking faucet and AC. Issues reported but not fixed. Dead rat outside room. Poor upkeep and cleanliness.",negative,
263,1,hotel,8,"Bathroom smelled like drainage. Reported daily, they just spray to mask. Smell returns. Did not offer room change.",negative,
264,3,hotel,5,"Overall very good value because of excellent location, clean rooms with cable TV and good aircon, accommodating staff, and cheap price. Facilities can still be improved.",neutral,
265,3,hotel,5,"Basic but cozy rooms. Essentials present. Cleanliness generally good but some areas need more attention. Facilities decent though need improvement.",neutral,
266,1,hotel,6,"Can hear everything. Heard every movement of bed next door, loud sounds outside. Bungalow smelled of damp and mold - left next day.",negative,
267,3,hotel,6,"Facilities need some upgrades. Room big but paint dull. Good value overall. Staff nice.",neutral,
268,3,hotel,7,"Only issue was cleanliness can be improved. Room covered in dust including shelves. Fan necessary for mosquitoes but covered in dust and half broken.",neutral,
269,3,hotel,7,"Some mention inconsistent WiFi, occasional maintenance or cleanliness concerns, noise. Overall positives outweigh but value for price sometimes questioned.",neutral,
270,1,hotel,13,"Food poisoning from crabs and mussels. 5 of 7 vomiting and diarrhea. Room smelled like sewage, brown rusty water, extremely hard bed. Resort did little except waive some drinks. Embarrassing staff questions.",negative,
271,1,hotel,13,"Insects in room, bitten at night. Small uncomfortable bathroom. Aircon leaked. Beds small not luxurious. Reception areas smelled like sewer. Sea lice (planktons) stings on tour not warned about.",negative,
272,3,hotel,13,"Room pretty basic, nothing luxury. Bed really hard. Bit of mould on blinds. No separate conditioner. Mosquitoes at dinner. Still overall would stay again for location and service.",neutral,
273,1,hotel,12,"Unit old and needs renovation. Furniture scratched. Shower impossible to clean, holes in floor. Back door not close properly - mosquitoes. Pool furniture disgusting, metal rods sticking, algae, chipped tiles. Private boat excursion issues.",negative,
274,1,hotel,12,"Honeymoon ruined by food poisoning. Laid up missing massage and private dinner. Husband ill on departure. Dock outdated and dangerous. AC barely worked. WiFi spotty. Not 5 star.",negative,
275,1,hotel,12,"Scenery great but food hard to describe. Selection limited and price not cheap. Amenities basic, over-washed towels, average food overpriced. Staff friendly but not always present.",negative,
276,1,hotel,18,"Failed to live up to promises. Facilities and infrastructure not well maintained, not 5 star standard. Funicular not working. Saving money everywhere, not investing. Not recommended.",negative,
277,3,hotel,18,"Nice stay but didn’t live up to expectations. Location poor for getting elsewhere. Exterior & grounds need TLC - broken bamboo, exposed wiring, grubby pool glass. Not value for money at current state.",neutral,
278,1,hotel,18,"Villa not properly maintained, gecko inside. Buffet food terrible except egg station. Butler service disappointing. For the money expected far better. Frustrated and disappointed.",negative,
279,1,hotel,19,"FOOD POISONING. AVOID. Multiple in group sick. Strict no-refund. Vomiting started after leaving. Worst food poisoning ever. Common in recent reviews.",negative,
280,1,hotel,19,"Room no hot water, staff didn’t care. Food awful - not cooked through, hot food cold, cold food warm. Like Fawlty Towers. Multiple issues.",negative,
281,1,hotel,19,"Beautiful location but run by chaos, misrepresentation. Pattern of poor management and lack of accountability. Double booking, no refunds for errors.",negative,
282,1,hotel,11,"Pools closed most of stay, when open only 2-4 ft deep. Lack of toilets - long trek. Expensive hotel that didn’t meet expectations. Boat tour delayed 90 min.",negative,
283,1,hotel,11,"Deluxe room felt tired and poorly maintained - stained shower walls, chipped sink, scratchy linens, weak AC, not enough towel racks. Location good.",negative,
284,3,hotel,14,"Common areas decent. Room too small, AC incredibly noisy. High price didn’t justify value.",neutral,
285,1,hotel,14,"Shower and bathroom not clean at all, had to ask daily. No hot showers. Pool water seriously cold. Brand new but some issues.",negative,
286,1,hotel,16,"Massively overpriced and underwhelming. Room poor state of repair, holes in netting, cupboard doors hanging, awful smell. Pool turned green. Everything done on the cheap.",negative,
287,3,hotel,16,"Superficially attractive but overpriced. Food and service issues reported in some stays. Maintenance and cleanliness concerns.",neutral,
288,3,hotel,17,"Great breakfast included. Private beach access huge plus. Some notes on quiet/relaxing but overall high scores with minor notes on value or specifics.",neutral,
289,3,hotel,15,"Sparkling clean, free airport transfer, great breakfast. Quiet and peaceful. Short drive from airport. Minor notes on basic nature for the category.",neutral,
290,3,hotel,10,"Mostly exceptional but occasional notes on price being high and some policy changes on complimentary items. Service and location outstanding overall.",neutral,
291,3,hotel,1,"It was good and decent but needs to clean the room more and make sure no mosquitoes on beddings. Too many mosquitoes on bed.",neutral,
292,3,hotel,2,"Staff a little unkind on arrival. Wouldn’t let early check-in without extra money. Location convenient for mall but far from main beach.",neutral,
293,3,hotel,3,"AC not working on arrival, took hours to fix. Construction noise. Breakfast average. Location good.",neutral,
294,3,hotel,11,"Pool under construction/renovation during stay. Breakfast amazing but dinner not liked as much. Staff professional.",neutral,
295,1,hotel,19,"Multiple reviews of food poisoning continue. Manager did nothing. Only one place to eat on island. Worst trip.",negative,
