hotel,r1_f1,r2_f1,rl_f1,r1_r,r1_p,r2_r,r2_p,rl_r,rl_p
"Boracay Ocean Club Beach Resort",0.3114,0.0242,0.1557,0.321,0.3023,0.025,0.0235,0.1605,0.1512
"Miniloc Island",0.3649,0.0959,0.1892,0.3176,0.4286,0.0833,0.1129,0.1647,0.2222
"Cauayan Island Resort",0.3537,0.0414,0.2041,0.3562,0.3514,0.0417,0.0411,0.2055,0.2027
"Spin Designer Hostel",0.5031,0.1988,0.2822,0.4556,0.5616,0.1798,0.2222,0.2556,0.3151
"Happiness Hostel",0.3864,0.069,0.2386,0.3864,0.3864,0.069,0.069,0.2386,0.2386
"Henann Palm Beach Resort",0.4286,0.1014,0.2143,0.4286,0.4286,0.1014,0.1014,0.2143,0.2143
"Canyon Hotels & Resorts Boracay",0.4322,0.0812,0.2312,0.4943,0.3839,0.093,0.0721,0.2644,0.2054
"Henann Garden Resort",0.3357,0.0426,0.1958,0.3333,0.338,0.0423,0.0429,0.1944,0.1972
"My Station Hotel",0.4427,0.0775,0.2443,0.3919,0.5088,0.0685,0.0893,0.2162,0.2807
"Frendz Resort & Hostel",0.4294,0.0994,0.2331,0.443,0.4167,0.1026,0.0964,0.2405,0.2262
"Lazy Dog Bed & Breakfast",0.4048,0.1205,0.2024,0.4359,0.3778,0.1299,0.1124,0.2179,0.1889
"The Muse Hotel",0.4348,0.1006,0.2236,0.4667,0.407,0.1081,0.0941,0.24,0.2093
"El Nido Resorts - Pangulasian Island",0.4317,0.073,0.259,0.4167,0.4478,0.0704,0.0758,0.25,0.2687
"Seda Lio",0.4713,0.186,0.3333,0.5125,0.4362,0.2025,0.172,0.3625,0.3085
"Charlie's El Nido",0.5571,0.1304,0.2857,0.5342,0.5821,0.125,0.1364,0.274,0.2985
"Panorama Resort",0.5036,0.1168,0.2446,0.4795,0.5303,0.1111,0.1231,0.2329,0.2576
"Buko Beach Resort",0.4186,0.0787,0.2326,0.403,0.4355,0.0758,0.082,0.2239,0.2419
"Lihim Resorts",0.4342,0.0667,0.25,0.4342,0.4342,0.0667,0.0667,0.25,0.25
"Matinloc Resort",0.2286,0.029,0.1429,0.2133,0.2462,0.027,0.0313,0.1333,0.1538

macro_r1_f1,0.4144,macro_r2_f1,0.0912,macro_rl_f1,0.2296,n,19
